sku,stock_ratio,test_demand_scale,strategy,economic_value,contribution,fill_rate,shortage_units,leftover_units,value_p05,central_stock
Camera-A,0.5,0.7,proportional,154688.8215,173122.4715,0.6693932236205228,213.448,27.823,122240.0,0
Camera-A,0.5,0.7,margin_first,116605.8765,140635.0665,0.539313068731849,297.431,111.806,76370.0,0
Camera-A,0.5,0.7,optimized,152839.364,171698.604,0.623832720232333,242.863,57.238,109213.8,0
Camera-A,0.5,1.0,proportional,142982.5655,183361.9055,0.49259148230526245,468.0085,5.658,96468.0,0
Camera-A,0.5,1.0,margin_first,127880.431,171062.481,0.42869169583580213,526.9465,64.596,83526.2,0
Camera-A,0.5,1.0,optimized,154722.5475,193514.8775,0.4778416664814515,481.613,19.2625,113953.0,0
Camera-A,0.5,1.3,proportional,121386.3745,185301.7145,0.3823372833484455,740.8015,1.439,57894.0,0
Camera-A,0.5,1.3,margin_first,125877.3735,190071.9335,0.3537908680653264,775.039,35.6765,78270.0,0
Camera-A,0.5,1.3,optimized,139378.27,200763.88,0.377960791670575,746.0505,6.688,79634.0,0
Camera-A,0.7,0.7,proportional,200844.4645,210376.0945,0.8293847047434656,110.1535,108.5285,129439.65,0
Camera-A,0.7,0.7,margin_first,150749.9745,167434.0145,0.6412135527589545,231.6415,230.0165,83464.55,0
Camera-A,0.7,0.7,optimized,200267.654,209833.974,0.81591403678606,118.8505,117.2255,126498.2,0
Camera-A,0.7,1.0,proportional,217004.1915,244077.3715,0.6599757901144955,313.6215,35.271,172644.95,0
Camera-A,0.7,1.0,margin_first,189278.35,220637.06,0.5461638498596791,418.596,140.2455,117355.75,0
Camera-A,0.7,1.0,optimized,221427.8055,247932.1355,0.6512058051684256,321.7105,43.36,173865.85,0
Camera-A,0.7,1.3,proportional,206023.5175,254953.3775,0.5272459327350989,567.0035,11.641,146626.0,0
Camera-A,0.7,1.3,margin_first,206537.5985,255825.3785,0.4691450666499911,636.6875,81.325,139579.5,0
Camera-A,0.7,1.3,optimized,214810.5865,262565.7065,0.5235456336178594,571.4415,16.079,158174.0,0
Camera-A,0.9,0.7,proportional,221102.8105,225808.1905,0.9159055179090029,54.2935,236.6685,119578.05,0
Camera-A,0.9,0.7,margin_first,186956.4945,197257.7045,0.7913339787028073,134.72,317.095,96218.85,0
Camera-A,0.9,0.7,optimized,220870.874,225488.994,0.9131941916747338,56.044,238.419,118381.05,0
Camera-A,0.9,1.0,proportional,269384.6195,286559.4595,0.7844707624704491,198.7935,104.443,190290.5,0
Camera-A,0.9,1.0,margin_first,244458.853,266332.943,0.6905715343570584,285.4015,191.051,148477.75,0
Camera-A,0.9,1.0,optimized,271259.8135,288110.2435,0.7813342108016421,201.6865,107.336,189507.85,0
Camera-A,0.9,1.3,proportional,278932.07,314728.85,0.6542755005263213,414.649,43.2865,220688.0,0
Camera-A,0.9,1.3,margin_first,274267.4675,311844.5075,0.5984533450062012,481.6,110.2375,190624.35,0
Camera-A,0.9,1.3,optimized,283007.531,318190.221,0.6520547374125838,417.3125,45.95,225382.95,0
Camera-A,1.1,0.7,proportional,226017.694,228307.284,0.9592503388189738,26.309,392.684,109122.05,0
Camera-A,1.1,0.7,margin_first,208208.1375,213507.8275,0.8984774443368828,65.5455,431.9205,100174.65,0
Camera-A,1.1,0.7,optimized,226467.9,228736.74,0.9581823814133591,26.9985,393.3735,109551.05,0
Camera-A,1.1,1.0,proportional,301013.777,311569.557,0.8676181126372241,122.1025,211.752,182098.65,0
Camera-A,1.1,1.0,margin_first,283452.325,297830.295,0.8093615171239134,175.8355,265.485,162529.45,0
Camera-A,1.1,1.0,optimized,301791.739,312239.609,0.8657977634315805,123.7815,213.431,182528.1,0
Camera-A,1.1,1.3,proportional,335175.185,360468.325,0.755839039489729,292.8375,105.475,247255.9,0
Camera-A,1.1,1.3,margin_first,327429.6935,355576.8635,0.7164847992162503,340.0375,152.675,216087.85,0
Camera-A,1.1,1.3,optimized,336612.0825,361648.9225,0.7539492855579527,295.104,107.7415,247683.45,0
Gimbal-B,0.5,0.7,proportional,59813.6315,68296.0715,0.6696716931010235,264.242,34.3045,45738.35,0
Gimbal-B,0.5,0.7,margin_first,43656.4755,54680.4255,0.538041409485116,369.538,139.6005,26269.0,0
Gimbal-B,0.5,0.7,optimized,59583.655,68360.7975,0.6337332604109696,292.9905,63.053,41907.4,0
Gimbal-B,0.5,1.0,proportional,53891.09,72494.8725,0.49258254898108234,579.78,7.1705,32900.0,0
Gimbal-B,0.5,1.0,margin_first,48375.923,68065.3905,0.42955795483933923,651.7925,79.183,30437.75,0
Gimbal-B,0.5,1.0,optimized,58629.3095,76797.3595,0.4816746228698431,592.2435,19.634,40083.0,0
Gimbal-B,0.5,1.3,proportional,43908.643,73327.9205,0.3825261101702445,917.3365,1.7085,15146.25,0
Gimbal-B,0.5,1.3,margin_first,46967.5865,76248.179,0.35438885104481066,959.138,43.51,24966.95,0
Gimbal-B,0.5,1.3,optimized,50710.2865,79376.959,0.37932981877024396,922.085,6.457,23150.25,0
Gimbal-B,0.7,0.7,proportional,77993.259,82367.434,0.8297298226423939,136.2055,134.268,48509.65,0
Gimbal-B,0.7,0.7,margin_first,55008.871,63130.5335,0.6322212672865067,294.2,292.2625,27270.4,0
Gimbal-B,0.7,0.7,optimized,77839.511,82244.516,0.8196509102273615,144.268,142.3305,46788.0,0
Gimbal-B,0.7,1.0,proportional,83900.717,96360.3695,0.6603266470303284,388.114,43.5045,64817.5,0
Gimbal-B,0.7,1.0,margin_first,71244.926,86037.3885,0.5426398957824173,522.584,177.9745,41593.3,0
Gimbal-B,0.7,1.0,optimized,85670.38,97950.3475,0.6539893988278586,395.355,50.7455,66334.1,0
Gimbal-B,0.7,1.3,proportional,78331.516,100842.886,0.5276098727272238,701.796,14.168,51704.5,0
Gimbal-B,0.7,1.3,margin_first,78251.185,101200.115,0.46781630394688306,790.627,102.999,50549.3,0
Gimbal-B,0.7,1.3,optimized,81550.5865,103689.4765,0.524834615394971,705.919,18.291,56233.75,0
Gimbal-B,0.9,0.7,proportional,85300.285,87443.85,0.9166572388467848,66.669,292.7315,42946.45,0
Gimbal-B,0.9,0.7,margin_first,70439.58,75280.8875,0.7931788420970388,165.444,391.5065,32213.4,0
Gimbal-B,0.9,0.7,optimized,85133.3465,87263.054,0.9140789124150325,68.7315,294.794,42395.45,0
Gimbal-B,0.9,1.0,proportional,104796.236,112679.176,0.7852179594165811,245.412,128.8025,72439.65,0
Gimbal-B,0.9,1.0,margin_first,94014.269,104287.5965,0.6937068175960378,349.9735,233.364,54362.65,0
Gimbal-B,0.9,1.0,optimized,105495.0795,113291.4045,0.782272071079402,248.778,132.1685,71936.95,0
Gimbal-B,0.9,1.3,proportional,107765.8735,124231.011,0.6546389809562017,513.078,53.45,82453.75,0
Gimbal-B,0.9,1.3,margin_first,105330.1555,123000.238,0.5999641229163694,594.3045,134.6765,72252.8,0
Gimbal-B,0.9,1.3,optimized,109383.5845,125656.1795,0.6526879541850316,515.9765,56.3485,83989.25,0
Gimbal-B,1.1,0.7,proportional,86072.882,87111.317,0.9597856082506446,32.169,486.2315,37274.45,0
Gimbal-B,1.1,0.7,margin_first,77291.657,79913.082,0.8918165481678256,86.54,540.6025,32642.7,0
Gimbal-B,1.1,0.7,optimized,86166.234,87206.344,0.958906164544105,32.8725,486.935,37332.45,0
Gimbal-B,1.1,1.0,proportional,116851.8115,121684.1115,0.8684279274765351,150.3355,261.726,67504.9,0
Gimbal-B,1.1,1.0,margin_first,108118.5855,114971.848,0.8041544377147223,223.775,335.1655,57576.6,0
Gimbal-B,1.1,1.0,optimized,117163.159,121978.1515,0.867047753410067,151.9125,263.303,67596.15,0
Gimbal-B,1.1,1.3,proportional,130150.31,141784.695,0.7560503033060766,362.4185,130.7905,93175.55,0
Gimbal-B,1.1,1.3,margin_first,125920.2935,139117.496,0.7131512734008782,426.1505,194.5225,80601.9,0
Gimbal-B,1.1,1.3,optimized,130684.1875,142279.27,0.7543675132671167,364.9185,133.2905,93538.95,0
