Date,buy_hold,fixed_50,trend,vol,combined,mean_reversion
2007,0.322697865729467,0.15251942783914507,0.3226978657294661,0.2085189615702967,0.2085189615702967,0.0
2008,0.049235964148320654,0.038673284625146076,-0.040494811669329445,0.008128895677034453,-0.022236712882068743,0.010640734673169172
2009,0.24029128204078942,0.11931380271512859,0.24321918810652576,0.13591422260253672,0.1365095008887549,0.0
2010,0.29270342350868916,0.13813079370292813,0.29270342350868495,0.17724554711285134,0.1772455471128498,0.00794979680603669
2011,0.09566035291009367,0.05442985568279157,0.09566035291009434,0.13264321706053162,0.13264321706053428,0.0860752383757113
2012,0.06599117321400194,0.03383046463817596,-0.03281515714802219,0.019540713725034742,-0.026824151225824155,-0.023981469328014704
2013,-0.2832983601746555,-0.14832846191813898,-0.004514611170710614,-0.19202297407556268,-0.004853180118273848,0.043152286314442234
2014,-0.02187393089432277,-0.008543923358847905,-0.11987990365410461,-0.02619563061895691,-0.08810572364742808,0.07956658485855606
2015,-0.10670895008973391,-0.052482793146305884,-0.05694434602006515,-0.07656678582123022,-0.02607347114777414,0.006121559338205129
2016,0.08032723831480948,0.04415275496915849,-0.05479199334430174,0.0313375015679751,-0.05866648338541702,0.10339839376804338
2017,0.12809051033069063,0.06334663015424113,0.0322259291459035,0.10848924520888192,0.03273506711711427,0.0008116746444681855
2018,-0.019409636039321665,-0.008757526329870702,-0.010371966390188447,-0.016912237941248076,-0.007670397529213724,-0.011840081577965567
2019,0.17855665069265547,0.0876291465304575,0.1766029383120451,0.17214773242506953,0.17020464421170445,0.018944048007761616
2020,0.2481456139148197,0.12045310301341505,0.18971182606389125,0.14641072756758344,0.11297885670745567,0.047019781761440615
2021,-0.04148908875959478,-0.01835298437199462,-0.13933191038480275,-0.025439751458097626,-0.10518770008286926,0.022034987957848973
2022,-0.0077211468903845,-0.0016408804927224852,-0.05604811427151912,0.0031707438214831907,-0.0386521508035077,-0.019996147002429132
2023,0.12691581500094373,0.06496958008344356,0.030060500995464867,0.10252935014406206,0.011961217272790092,0.0795363852645159
2024,0.26656906000925895,0.1275279939935816,0.26656906000925673,0.18456817976440698,0.1845681797644101,0.014013761318171225
2025,0.6367653308824812,0.28375799664141965,0.6367653308824823,0.3662132126611981,0.3662132126612003,0.0
