Strategy,Period,CAGR,Volatility,Sharpe_RF0,MaxDrawdown,TotalReturn,AvgWeight,TurnoverAnnual
buy_hold,All,0.102420283643325,0.17503010136624272,0.6448005094540838,-0.4555501273425654,5.357002107179491,1.0,0.052666998273692846
buy_hold,2007-2014,0.07794657843523534,0.20703996988318576,0.46619246879093784,-0.4052223679848922,0.8218776095011544,1.0000000000000002,0.12499913195047259
buy_hold,2015-2019,0.04707497119739079,0.12562349224685287,0.4288910620986926,-0.19747666448947832,0.2581439654230875,1.0,0.0
buy_hold,2020-2025,0.18584970158426573,0.16339169259093414,1.1254165627495831,-0.22002168134715638,1.773338099969945,1.0,0.0
fixed_50,All,0.053655577737897975,0.08768200943681495,0.639997110450056,-0.25176963043305867,1.6949713165852964,0.500941020534,0.1399284680087205
fixed_50,2007-2014,0.04334699078163773,0.10341874856425035,0.4620555555393885,-0.22009758908663213,0.4037309719129538,0.5006377557787156,0.19717214962180604
fixed_50,2015-2019,0.025545036808168664,0.06309910970183902,0.4312766704763601,-0.10283050852891307,0.13419242775027596,0.5005487376770494,0.09281577137882607
fixed_50,2020-2025,0.0919388231177316,0.0822493265045358,1.1106974748330982,-0.1129116216592797,0.6927137478509537,0.5016732931143624,0.10277926216764145
trend,All,0.07842441838453862,0.14010623988347215,0.6091547482359331,-0.40146094250957076,3.187584671801715,0.6751046025104602,1.8442402785499032
trend,2007-2014,0.08317599971871581,0.1579292196148804,0.585118019031312,-0.30491179190747186,0.8937246838214867,0.6866931479642503,1.75086284123027
trend,2015-2019,0.013906248934736132,0.09392012724847947,0.19392387422876187,-0.17841281995822889,0.07137472591731409,0.5858505564387917,1.401425283778226
trend,2020-2025,0.12872987783139678,0.1468068345477441,0.8985947568435846,-0.3109737450784974,1.0639794285003932,0.7340848806366048,2.3383539537385705
vol,All,0.06988265471802024,0.11001857374985212,0.6691787770507325,-0.3320273336034708,2.6012683166465993,0.6806893639018589,0.8925854786203485
vol,2007-2014,0.05030386973758327,0.11298159254773274,0.49114335872653053,-0.2997955916010525,0.48030279252679486,0.5869171437678017,0.9360498137009319
vol,2015-2019,0.040038815723935306,0.09943167434161021,0.44449343721668155,-0.14357421596108,0.2165008775730457,0.8301928330205339,0.6742569557151276
vol,2020-2025,0.1227898568912571,0.11433747331130059,1.07038612969965,-0.1597165611671637,0.999827311468946,0.6812078567391919,1.0166704328394955
combined,All,0.05429625755460754,0.09023269276866008,0.6311976001353972,-0.2917395219510769,1.7262247714868564,0.45659669875374637,1.8301442386628282
combined,2007-2014,0.05902237340053085,0.088911308168773,0.6895435610108526,-0.20039630701396371,0.5814061473838061,0.40733797494882146,1.6068436905341568
combined,2015-2019,0.01917408927257025,0.07596424770451983,0.28796191515937863,-0.15108991538281713,0.09945233627785166,0.49293021744374776,1.3479077823341656
combined,2020-2025,0.07806098635049974,0.10217907326740838,0.7868980357003201,-0.23841144396330927,0.5679847355533569,0.4920738229122989,2.5306619879947925
mean_reversion,All,0.02377887725550809,0.05007625754344862,0.4942635739599491,-0.09949607712338993,0.5616838804047872,0.09790794979079498,2.213119934458847
mean_reversion,2007-2014,0.02477706711386718,0.05854951370473012,0.4472655575481418,-0.09949607712338993,0.2160482970399602,0.10327706057596822,2.2511093672960607
mean_reversion,2015-2019,0.022723031387636317,0.041144173803305754,0.5664515128197136,-0.03914720964533058,0.1186976773831605,0.10333863275039745,2.4026148732031087
mean_reversion,2020-2025,0.023327759528929848,0.044284340354094634,0.5428058753332345,-0.07328669106359009,0.147967432076068,0.08620689655172414,2.004303388918774
