MA,TargetVol,CAGR,Volatility,Sharpe_RF0,MaxDrawdown,TotalReturn,AvgWeight,TurnoverAnnual
150,0.08,0.08274068570765825,0.08353045387086958,0.9936655643471703,-0.15060619242487472,0.6091581571697944,0.409589055583628,1.8098515295351079
150,0.1,0.1029731880220841,0.10366897067378483,0.9975113343643933,-0.18500569257367994,0.7976870838203911,0.508881749015261,2.2303883516310905
150,0.12,0.1211190438755716,0.12218898305119551,0.9970790022258715,-0.21791647286636917,0.9820849134418901,0.5995732905188984,2.525991131434834
200,0.08,0.06253041060989006,0.08241127699035342,0.777333943383818,-0.19749493894059067,0.43757362396991706,0.3968046433427905,2.06819051313297
200,0.1,0.07806098635049974,0.10217907326740838,0.7868980357003201,-0.23841144396330927,0.5679847355533569,0.4920738229122989,2.5306619879947925
200,0.12,0.09312414868408281,0.1201260051915513,0.8015283544394081,-0.2694095558359618,0.7037392561858262,0.5767755734131971,2.8401654862745156
250,0.08,0.07589404813285716,0.08324669558665879,0.9205419266646707,-0.13517061772545425,0.5492187769517958,0.4096436154143729,1.5142292543493066
250,0.1,0.09490821245565595,0.10321853059597859,0.9302821512477826,-0.16435885504607295,0.7204467547500324,0.5080296489986438,1.838498562312441
250,0.12,0.11350054211099359,0.12138452552520845,0.9466745284641972,-0.18543118550351034,0.9028365238708034,0.5958120527835117,2.0098652318420394
