test_year,train_start,train_end,ma,target_vol,train_sharpe
2015,2010-01-04,2014-12-31,150,0.08,0.44871363896099875
2015,2010-01-04,2014-12-31,150,0.1,0.45009903755260156
2015,2010-01-04,2014-12-31,150,0.12,0.4522692230489987
2015,2010-01-04,2014-12-31,200,0.08,0.4054161118173696
2015,2010-01-04,2014-12-31,200,0.1,0.40653225510695107
2015,2010-01-04,2014-12-31,200,0.12,0.40779708440055107
2015,2010-01-04,2014-12-31,250,0.08,0.5286685713487348
2015,2010-01-04,2014-12-31,250,0.1,0.530676270554364
2015,2010-01-04,2014-12-31,250,0.12,0.5345683967871598
2016,2011-01-03,2015-12-31,150,0.08,0.01619007456828501
2016,2011-01-03,2015-12-31,150,0.1,0.014248384764268257
2016,2011-01-03,2015-12-31,150,0.12,0.01579478947661454
2016,2011-01-03,2015-12-31,200,0.08,-0.03561209351395489
2016,2011-01-03,2015-12-31,200,0.1,-0.03784895881817967
2016,2011-01-03,2015-12-31,200,0.12,-0.03686235279847948
2016,2011-01-03,2015-12-31,250,0.08,0.11673138253961954
2016,2011-01-03,2015-12-31,250,0.1,0.11574812222421503
2016,2011-01-03,2015-12-31,250,0.12,0.11872540651469975
2017,2012-01-03,2016-12-30,150,0.08,-0.18928831824537717
2017,2012-01-03,2016-12-30,150,0.1,-0.18958410923718513
2017,2012-01-03,2016-12-30,150,0.12,-0.18613966467365034
2017,2012-01-03,2016-12-30,200,0.08,-0.7799219098973385
2017,2012-01-03,2016-12-30,200,0.1,-0.7812539737595022
2017,2012-01-03,2016-12-30,200,0.12,-0.7667509664442187
2017,2012-01-03,2016-12-30,250,0.08,-0.5867673369370355
2017,2012-01-03,2016-12-30,250,0.1,-0.5871126153538512
2017,2012-01-03,2016-12-30,250,0.12,-0.5686546727822893
2018,2013-01-02,2017-12-29,150,0.08,-0.002535962980476237
2018,2013-01-02,2017-12-29,150,0.1,-0.008660594630873058
2018,2013-01-02,2017-12-29,150,0.12,-0.026869514076378283
2018,2013-01-02,2017-12-29,200,0.08,-0.505970770137236
2018,2013-01-02,2017-12-29,200,0.1,-0.5197017784839898
2018,2013-01-02,2017-12-29,200,0.12,-0.5550307124840347
2018,2013-01-02,2017-12-29,250,0.08,-0.43024447389569825
2018,2013-01-02,2017-12-29,250,0.1,-0.44196420881275184
2018,2013-01-02,2017-12-29,250,0.12,-0.44598623515410973
2019,2014-01-02,2018-12-31,150,0.08,0.017607502257002954
2019,2014-01-02,2018-12-31,150,0.1,0.008553430883661992
2019,2014-01-02,2018-12-31,150,0.12,-0.014199204221098402
2019,2014-01-02,2018-12-31,200,0.08,-0.4376112465425126
2019,2014-01-02,2018-12-31,200,0.1,-0.4570986233130519
2019,2014-01-02,2018-12-31,200,0.12,-0.5036568496980548
2019,2014-01-02,2018-12-31,250,0.08,-0.4980548827964788
2019,2014-01-02,2018-12-31,250,0.1,-0.5120651312764152
2019,2014-01-02,2018-12-31,250,0.12,-0.5173507973759899
2020,2015-01-02,2019-12-31,150,0.08,0.6489962188442809
2020,2015-01-02,2019-12-31,150,0.1,0.6522587161924769
2020,2015-01-02,2019-12-31,150,0.12,0.6368875049599155
2020,2015-01-02,2019-12-31,200,0.08,0.29757229240302097
2020,2015-01-02,2019-12-31,200,0.1,0.28796191515936953
2020,2015-01-02,2019-12-31,200,0.12,0.24984578252563913
2020,2015-01-02,2019-12-31,250,0.08,0.08050020987309167
2020,2015-01-02,2019-12-31,250,0.1,0.07019673116185911
2020,2015-01-02,2019-12-31,250,0.12,0.04809571827791979
2021,2016-01-04,2020-12-31,150,0.08,0.8064907572389142
2021,2016-01-04,2020-12-31,150,0.1,0.8086126963586793
2021,2016-01-04,2020-12-31,150,0.12,0.7919061347568106
2021,2016-01-04,2020-12-31,200,0.08,0.5283647458167019
2021,2016-01-04,2020-12-31,200,0.1,0.5217382762055235
2021,2016-01-04,2020-12-31,200,0.12,0.496324127381184
2021,2016-01-04,2020-12-31,250,0.08,0.41444984615691777
2021,2016-01-04,2020-12-31,250,0.1,0.409724031276817
2021,2016-01-04,2020-12-31,250,0.12,0.4063919612429491
2022,2017-01-03,2021-12-31,150,0.08,0.42943447730726914
2022,2017-01-03,2021-12-31,150,0.1,0.421447627155822
2022,2017-01-03,2021-12-31,150,0.12,0.3744989638125573
2022,2017-01-03,2021-12-31,200,0.08,0.439615579426959
2022,2017-01-03,2021-12-31,200,0.1,0.4317474062887367
2022,2017-01-03,2021-12-31,200,0.12,0.38433060576736344
2022,2017-01-03,2021-12-31,250,0.08,0.31771232697411567
2022,2017-01-03,2021-12-31,250,0.1,0.3109923424801809
2022,2017-01-03,2021-12-31,250,0.12,0.2856668021902528
2023,2018-01-02,2022-12-30,150,0.08,0.40388692263419057
2023,2018-01-02,2022-12-30,150,0.1,0.3979563438398781
2023,2018-01-02,2022-12-30,150,0.12,0.3621759119437636
2023,2018-01-02,2022-12-30,200,0.08,0.2597030205180988
2023,2018-01-02,2022-12-30,200,0.1,0.25051920054222626
2023,2018-01-02,2022-12-30,200,0.12,0.20507231970359557
2023,2018-01-02,2022-12-30,250,0.08,0.3598651075517112
2023,2018-01-02,2022-12-30,250,0.1,0.35640169660071225
2023,2018-01-02,2022-12-30,250,0.12,0.33408523449701183
2024,2019-01-02,2023-12-29,150,0.08,0.5914882634158753
2024,2019-01-02,2023-12-29,150,0.1,0.5891789661153637
2024,2019-01-02,2023-12-29,150,0.12,0.5544242338555939
2024,2019-01-02,2023-12-29,200,0.08,0.31054007793810984
2024,2019-01-02,2023-12-29,200,0.1,0.31174989369667677
2024,2019-01-02,2023-12-29,200,0.12,0.2874770285128434
2024,2019-01-02,2023-12-29,250,0.08,0.4974258357414382
2024,2019-01-02,2023-12-29,250,0.1,0.5011164011601569
2024,2019-01-02,2023-12-29,250,0.12,0.4848340036246537
2025,2020-01-02,2024-12-31,150,0.08,0.5940839326941679
2025,2020-01-02,2024-12-31,150,0.1,0.5937606350785107
2025,2020-01-02,2024-12-31,150,0.12,0.5841734841063941
2025,2020-01-02,2024-12-31,200,0.08,0.31288804874882176
2025,2020-01-02,2024-12-31,200,0.1,0.31913288412774166
2025,2020-01-02,2024-12-31,200,0.12,0.326036074875544
2025,2020-01-02,2024-12-31,250,0.08,0.49993616179308986
2025,2020-01-02,2024-12-31,250,0.1,0.5065626538820288
2025,2020-01-02,2024-12-31,250,0.12,0.5168486175842495
