test_year,train_start,train_end,ma,target_vol,train_sharpe,selected_on,test_start,test_end,test_CAGR,test_Volatility,test_Sharpe_RF0,test_MaxDrawdown,test_TotalReturn,test_AvgWeight,test_TurnoverAnnual
2015,2010-01-04,2014-12-31,250,0.12,0.5345683967871598,2014-12-31,2015-01-02,2015-12-31,-0.03128530327913015,0.02055486312883948,-1.5359564903601037,-0.03264967024376808,-0.03128530327913015,0.040676969621456914,1.0839504537683387
2016,2011-01-03,2015-12-31,250,0.12,0.11872540651469975,2015-12-31,2016-01-04,2016-12-30,-0.06409470436777953,0.10235196266327756,-0.5960943758789956,-0.13466136555526365,-0.06409470436777953,0.5602972644258417,2.271902513013123
2017,2012-01-03,2016-12-30,150,0.12,-0.18613966467365034,2016-12-30,2017-01-03,2017-12-29,0.028964544764769284,0.07947556086697122,0.3988674634109832,-0.0844510957107677,0.028847963969118373,0.6693227091633466,3.0099462290697363
2018,2013-01-02,2017-12-29,150,0.08,-0.002535962980476237,2017-12-29,2018-01-02,2018-12-31,-0.002803473363066633,0.05349792934898923,-0.02585795267600028,-0.04098398481588805,-0.0027923640156524154,0.335926593490984,0.9986718365586811
2019,2014-01-02,2018-12-31,150,0.08,0.017607502257002954,2018-12-31,2019-01-02,2019-12-31,0.13800792391180883,0.08718296069008441,1.5265951580354655,-0.048303255823097024,0.13800792391180883,0.741271683163755,1.8112101346132632
2020,2015-01-02,2019-12-31,150,0.1,0.6522587161924769,2019-12-31,2020-01-02,2020-12-31,0.11087144627138978,0.13408101789027205,0.8513657603853035,-0.10138241598121056,0.11133504436736907,0.5677408437019876,2.0550752531948673
2021,2016-01-04,2020-12-31,150,0.1,0.8086126963586793,2020-12-31,2021-01-04,2021-12-31,-0.1048875183920508,0.0674747514502173,-1.6080105250782424,-0.11870170546524295,-0.1048875183920508,0.2487982726281923,4.444633111961825
2022,2017-01-03,2021-12-31,200,0.08,0.439615579426959,2021-12-31,2022-01-03,2022-12-30,-0.031122864038487186,0.05615874609485976,-0.5349552301970514,-0.07275589037091856,-0.031001295128168183,0.20011554775248838,2.8181709746974843
2023,2018-01-02,2022-12-30,150,0.08,0.40388692263419057,2022-12-30,2023-01-03,2023-12-29,0.06036548735161529,0.06867029767132161,0.8878191398786134,-0.04398640970399914,0.059872333100748465,0.4741486962248757,2.3468229822591424
2024,2019-01-02,2023-12-29,150,0.08,0.5914882634158753,2023-12-29,2024-01-02,2024-12-31,0.14592817819236736,0.08691605600825518,1.6109838783407282,-0.04911324829677299,0.14592817819236736,0.5647286667964277,0.7960172833603785
2025,2020-01-02,2024-12-31,150,0.08,0.5940839326941679,2024-12-31,2025-01-02,2025-12-31,0.2873872237989803,0.10228146043571015,2.522100613579715,-0.062129744673356746,0.2848087537869326,0.46412968865670906,1.0297058732157713
